-- Espelha SEED_GAMES de apps/web/lib/games-store.ts. Games no mock não
-- distingue Version de Build (cada build carrega sua própria "version"
-- string) — no schema real, Version é a entidade e Build pertence a ela; o
-- seed abaixo cria uma game_version por build para preservar os mesmos
-- números de versão exibidos hoje na UI mock.

insert into games (id, studio_id, project_id, name, description, status, created_actor_type, updated_actor_type) values
  ('a0000000-0000-0000-0000-000000000001', '70000000-0000-0000-0000-000000000001', '90000000-0000-0000-0000-000000000001', 'Nebula Drift', 'Puzzle mobile — protótipo em desenvolvimento.', 'IN_DEVELOPMENT', 'USER', 'USER'),
  ('a0000000-0000-0000-0000-000000000002', '70000000-0000-0000-0000-000000000001', '90000000-0000-0000-0000-000000000002', 'Sprint Runner', 'Runner casual — aguardando revisão de arte.', 'TESTING', 'USER', 'USER'),
  ('a0000000-0000-0000-0000-000000000003', '70000000-0000-0000-0000-000000000001', '90000000-0000-0000-0000-000000000003', 'Hyper Dash', 'Hyper-casual — publicado nas lojas.', 'PUBLISHED', 'USER', 'USER');

insert into game_versions (id, studio_id, game_id, version_number, status, created_actor_type, updated_actor_type) values
  ('b0000000-0000-0000-0000-000000000001', '70000000-0000-0000-0000-000000000001', 'a0000000-0000-0000-0000-000000000001', '0.1.0', 'READY', 'USER', 'USER'),
  ('b0000000-0000-0000-0000-000000000002', '70000000-0000-0000-0000-000000000001', 'a0000000-0000-0000-0000-000000000001', '0.2.0', 'IN_DEVELOPMENT', 'USER', 'USER'),
  ('b0000000-0000-0000-0000-000000000003', '70000000-0000-0000-0000-000000000001', 'a0000000-0000-0000-0000-000000000002', '1.0.0-rc1', 'TESTING', 'USER', 'USER'),
  ('b0000000-0000-0000-0000-000000000004', '70000000-0000-0000-0000-000000000001', 'a0000000-0000-0000-0000-000000000002', '0.9.0', 'READY', 'USER', 'USER'),
  ('b0000000-0000-0000-0000-000000000005', '70000000-0000-0000-0000-000000000001', 'a0000000-0000-0000-0000-000000000003', '1.2.0', 'RELEASED', 'USER', 'USER'),
  ('b0000000-0000-0000-0000-000000000006', '70000000-0000-0000-0000-000000000001', 'a0000000-0000-0000-0000-000000000003', '1.1.0', 'DEPRECATED', 'USER', 'USER');

-- platform_id: iOS/Android -> App Store/Google Play; Steam -> Steam (ver 01_global.sql).
insert into builds (id, studio_id, game_version_id, platform_id, status, created_actor_type, updated_actor_type) values
  ('e0000000-0000-0000-0000-000000000001', '70000000-0000-0000-0000-000000000001', 'b0000000-0000-0000-0000-000000000001', '10000000-0000-0000-0000-000000000001', 'SUCCEEDED', 'USER', 'USER'),
  ('e0000000-0000-0000-0000-000000000002', '70000000-0000-0000-0000-000000000001', 'b0000000-0000-0000-0000-000000000002', '10000000-0000-0000-0000-000000000001', 'RUNNING', 'USER', 'USER'),
  ('e0000000-0000-0000-0000-000000000003', '70000000-0000-0000-0000-000000000001', 'b0000000-0000-0000-0000-000000000003', '10000000-0000-0000-0000-000000000002', 'SUCCEEDED', 'USER', 'USER'),
  ('e0000000-0000-0000-0000-000000000004', '70000000-0000-0000-0000-000000000001', 'b0000000-0000-0000-0000-000000000004', '10000000-0000-0000-0000-000000000002', 'SUCCEEDED', 'USER', 'USER'),
  ('e0000000-0000-0000-0000-000000000005', '70000000-0000-0000-0000-000000000001', 'b0000000-0000-0000-0000-000000000005', '10000000-0000-0000-0000-000000000001', 'SUCCEEDED', 'USER', 'USER'),
  ('e0000000-0000-0000-0000-000000000006', '70000000-0000-0000-0000-000000000001', 'b0000000-0000-0000-0000-000000000006', '10000000-0000-0000-0000-000000000001', 'SUCCEEDED', 'USER', 'USER');

insert into releases (id, studio_id, game_id, game_version_id, status, created_actor_type, updated_actor_type) values
  ('c0000000-0000-0000-0000-000000000001', '70000000-0000-0000-0000-000000000001', 'a0000000-0000-0000-0000-000000000002', 'b0000000-0000-0000-0000-000000000003', 'READY_FOR_SUBMISSION', 'USER', 'USER'),
  ('c0000000-0000-0000-0000-000000000002', '70000000-0000-0000-0000-000000000001', 'a0000000-0000-0000-0000-000000000001', 'b0000000-0000-0000-0000-000000000001', 'READY_FOR_SUBMISSION', 'USER', 'USER'),
  ('c0000000-0000-0000-0000-000000000003', '70000000-0000-0000-0000-000000000001', 'a0000000-0000-0000-0000-000000000003', 'b0000000-0000-0000-0000-000000000005', 'PUBLISHED', 'USER', 'USER');
